{
    "coord":{
        "lon":-74.006,
        "lat":40.7143
    },
    "weather":[
        {
            "id":804,
            "main":"Clouds",
            "description":"overcastclouds",
            "icon":"04n"
        }
    ],
    "base":"stations",
    "main":{
        "temp":9.45,
        "feels_like":7.32,
        "temp_min":7.57,
        "temp_max":10.54,
        "pressure":1017,
        "humidity":54
    },
    "visibility":10000,
    "wind":{
        "speed":4.02,
        "deg":95,
        "gust":6.26
    },
    "clouds":{
        "all":100
    },
    "dt":1698793512,
    "sys":{
        "type":2,
        "id":2008101,
        "country":"US",
        "sunrise":1698751486,
        "sunset":1698789262
    },
    "timezone":-14400,
    "id":5128581,
    "name":"New York",
    "cod":200
}
